"StateFIPS","State","Year","Value","Data Comment",
"01","Alabama","1991","4,202","",
"01","Alabama","1992","4,275","",
"01","Alabama","1993","4,446","",
"01","Alabama","1994","4,338","",
"01","Alabama","1995","4,498","",
"01","Alabama","1996","4,467","",
"01","Alabama","1997","4,363","",
"01","Alabama","1998","4,519","",
"01","Alabama","1999","4,661","",
"01","Alabama","2000","4,694","",
"01","Alabama","2001","4,551","",
"01","Alabama","2002","4,453","",
"01","Alabama","2003","4,405","",
"01","Alabama","2004","4,524","",
"01","Alabama","2005","4,584","",
"01","Alabama","2006","4,753","",
"01","Alabama","2007","4,755","",
"01","Alabama","2008","4,605","",
"01","Alabama","2009","4,281","",
"01","Alabama","2010","4,682","",
"01","Alabama","2011","4,621","",
"01","Alabama","2012","4,660","",
"04","Arizona","1991","5,356","",
"04","Arizona","1992","5,128","",
"04","Arizona","1993","5,374","",
"04","Arizona","1994","5,344","",
"04","Arizona","1995","5,419","",
"04","Arizona","1996","5,383","",
"04","Arizona","1997","5,200","",
"04","Arizona","1998","5,312","",
"04","Arizona","1999","5,776","",
"04","Arizona","2000","5,710","",
"04","Arizona","2001","5,652","",
"04","Arizona","2002","5,785","",
"04","Arizona","2003","5,697","",
"04","Arizona","2004","5,690","",
"04","Arizona","2005","5,683","",
"04","Arizona","2006","5,619","",
"04","Arizona","2007","5,702","",
"04","Arizona","2008","5,747","",
"04","Arizona","2009","5,669","",
"04","Arizona","2010","5,701","",
"04","Arizona","2011","5,796","",
"04","Arizona","2012","5,755","",
"05","Arkansas","1991","4,235","",
"05","Arkansas","1992","4,212","",
"05","Arkansas","1993","4,276","",
"05","Arkansas","1994","4,312","",
"05","Arkansas","1995","4,446","",
"05","Arkansas","1996","4,366","",
"05","Arkansas","1997","4,370","",
"05","Arkansas","1998","4,498","",
"05","Arkansas","1999","4,592","",
"05","Arkansas","2000","4,453","",
"05","Arkansas","2001","4,496","",
"05","Arkansas","2002","4,348","",
"05","Arkansas","2003","4,378","",
"05","Arkansas","2004","4,384","",
"05","Arkansas","2005","4,677","",
"05","Arkansas","2006","4,583","",
"05","Arkansas","2007","4,439","",
"05","Arkansas","2008","4,392","",
"05","Arkansas","2009","4,169","",
"05","Arkansas","2010","4,545","",
"05","Arkansas","2011","4,424","",
"05","Arkansas","2012","4,724","",
"06","California","1991","4,670","",
"06","California","1992","4,488","",
"06","California","1993","4,613","",
"06","California","1994","4,678","",
"06","California","1995","4,556","",
"06","California","1996","4,660","",
"06","California","1997","4,708","",
"06","California","1998","4,479","",
"06","California","1999","5,107","",
"06","California","2000","4,996","",
"06","California","2001","5,081","",
"06","California","2002","5,178","",
"06","California","2003","5,008","",
"06","California","2004","5,184","",
"06","California","2005","4,977","",
"06","California","2006","4,919","",
"06","California","2007","5,194","",
"06","California","2008","5,179","",
"06","California","2009","5,091","",
"06","California","2010","4,908","",
"06","California","2011","5,019","",
"06","California","2012","5,050","",
"08","Colorado","1991","4,574","",
"08","Colorado","1992","4,405","",
"08","Colorado","1993","4,528","",
"08","Colorado","1994","4,646","",
"08","Colorado","1995","4,576","",
"08","Colorado","1996","4,612","",
"08","Colorado","1997","4,567","",
"08","Colorado","1998","4,654","",
"08","Colorado","1999","4,833","",
"08","Colorado","2000","4,865","",
"08","Colorado","2001","4,820","",
"08","Colorado","2002","5,003","",
"08","Colorado","2003","4,873","",
"08","Colorado","2004","4,852","",
"08","Colorado","2005","4,859","",
"08","Colorado","2006","4,814","",
"08","Colorado","2007","4,814","",
"08","Colorado","2008","4,841","",
"08","Colorado","2009","4,715","",
"08","Colorado","2010","4,874","",
"08","Colorado","2011","4,842","",
"08","Colorado","2012","4,960","",
"09","Connecticut","1991","3,770","",
"09","Connecticut","1992","3,562","",
"09","Connecticut","1993","3,740","",
"09","Connecticut","1994","3,729","",
"09","Connecticut","1995","3,751","",
"09","Connecticut","1996","3,557","",
"09","Connecticut","1997","3,775","",
"09","Connecticut","1998","3,718","",
"09","Connecticut","1999","3,973","",
"09","Connecticut","2000","3,746","",
"09","Connecticut","2001","4,062","",
"09","Connecticut","2002","3,961","",
"09","Connecticut","2003","3,681","",
"09","Connecticut","2004","3,845","",
"09","Connecticut","2005","3,956","",
"09","Connecticut","2006","3,810","",
"09","Connecticut","2007","4,064","",
"09","Connecticut","2008","3,938","",
"09","Connecticut","2009","3,684","",
"09","Connecticut","2010","3,883","",
"09","Connecticut","2011","3,715","",
"09","Connecticut","2012","3,988","",
"10","Delaware","1991","3,972","",
"10","Delaware","1992","3,711","",
"10","Delaware","1993","3,956","",
"10","Delaware","1994","4,019","",
"10","Delaware","1995","3,987","",
"10","Delaware","1996","3,880","",
"10","Delaware","1997","4,062","",
"10","Delaware","1998","3,986","",
"10","Delaware","1999","4,177","",
"10","Delaware","2000","4,079","",
"10","Delaware","2001","4,300","",
"10","Delaware","2002","4,276","",
"10","Delaware","2003","3,835","",
"10","Delaware","2004","4,076","",
"10","Delaware","2005","4,174","",
"10","Delaware","2006","4,231","",
"10","Delaware","2007","4,297","",
"10","Delaware","2008","4,163","",
"10","Delaware","2009","3,878","",
"10","Delaware","2010","4,231","",
"10","Delaware","2011","4,076","",
"10","Delaware","2012","4,232","",
"11","District of Columbia","1991","3,947","",
"11","District of Columbia","1992","3,686","",
"11","District of Columbia","1993","3,950","",
"11","District of Columbia","1994","4,038","",
"11","District of Columbia","1995","4,003","",
"11","District of Columbia","1996","3,923","",
"11","District of Columbia","1997","4,115","",
"11","District of Columbia","1998","4,026","",
"11","District of Columbia","1999","4,231","",
"11","District of Columbia","2000","4,075","",
"11","District of Columbia","2001","4,323","",
"11","District of Columbia","2002","4,236","",
"11","District of Columbia","2003","3,896","",
"11","District of Columbia","2004","4,087","",
"11","District of Columbia","2005","4,192","",
"11","District of Columbia","2006","4,258","",
"11","District of Columbia","2007","4,323","",
"11","District of Columbia","2008","4,169","",
"11","District of Columbia","2009","3,917","",
"11","District of Columbia","2010","4,258","",
"11","District of Columbia","2011","4,002","",
"11","District of Columbia","2012","4,307","",
"12","Florida","1991","4,588","",
"12","Florida","1992","4,588","",
"12","Florida","1993","4,734","",
"12","Florida","1994","4,598","",
"12","Florida","1995","4,753","",
"12","Florida","1996","4,733","",
"12","Florida","1997","4,474","",
"12","Florida","1998","4,709","",
"12","Florida","1999","4,914","",
"12","Florida","2000","5,035","",
"12","Florida","2001","4,849","",
"12","Florida","2002","4,819","",
"12","Florida","2003","4,721","",
"12","Florida","2004","4,914","",
"12","Florida","2005","4,831","",
"12","Florida","2006","5,039","",
"12","Florida","2007","4,941","",
"12","Florida","2008","4,849","",
"12","Florida","2009","4,792","",
"12","Florida","2010","4,934","",
"12","Florida","2011","5,003","",
"12","Florida","2012","4,859","",
"13","Georgia","1991","4,196","",
"13","Georgia","1992","4,209","",
"13","Georgia","1993","4,487","",
"13","Georgia","1994","4,343","",
"13","Georgia","1995","4,468","",
"13","Georgia","1996","4,525","",
"13","Georgia","1997","4,321","",
"13","Georgia","1998","4,539","",
"13","Georgia","1999","4,683","",
"13","Georgia","2000","4,739","",
"13","Georgia","2001","4,650","",
"13","Georgia","2002","4,551","",
"13","Georgia","2003","4,432","",
"13","Georgia","2004","4,634","",
"13","Georgia","2005","4,598","",
"13","Georgia","2006","4,764","",
"13","Georgia","2007","4,780","",
"13","Georgia","2008","4,685","",
"13","Georgia","2009","4,367","",
"13","Georgia","2010","4,773","",
"13","Georgia","2011","4,802","",
"13","Georgia","2012","4,661","",
"16","Idaho","1991","4,114","",
"16","Idaho","1992","4,075","",
"16","Idaho","1993","4,085","",
"16","Idaho","1994","4,255","",
"16","Idaho","1995","4,111","",
"16","Idaho","1996","4,163","",
"16","Idaho","1997","4,174","",
"16","Idaho","1998","4,141","",
"16","Idaho","1999","4,382","",
"16","Idaho","2000","4,407","",
"16","Idaho","2001","4,397","",
"16","Idaho","2002","4,420","",
"16","Idaho","2003","4,418","",
"16","Idaho","2004","4,386","",
"16","Idaho","2005","4,327","",
"16","Idaho","2006","4,371","",
"16","Idaho","2007","4,415","",
"16","Idaho","2008","4,329","",
"16","Idaho","2009","4,281","",
"16","Idaho","2010","4,184","",
"16","Idaho","2011","4,237","",
"16","Idaho","2012","4,251","",
"17","Illinois","1991","3,912","",
"17","Illinois","1992","3,750","",
"17","Illinois","1993","3,712","",
"17","Illinois","1994","4,006","",
"17","Illinois","1995","3,960","",
"17","Illinois","1996","3,791","",
"17","Illinois","1997","3,843","",
"17","Illinois","1998","3,921","",
"17","Illinois","1999","4,202","",
"17","Illinois","2000","3,983","",
"17","Illinois","2001","4,166","",
"17","Illinois","2002","4,136","",
"17","Illinois","2003","4,129","",
"17","Illinois","2004","4,128","",
"17","Illinois","2005","4,253","",
"17","Illinois","2006","3,992","",
"17","Illinois","2007","4,213","",
"17","Illinois","2008","3,988","",
"17","Illinois","2009","3,855","",
"17","Illinois","2010","4,100","",
"17","Illinois","2011","3,893","",
"17","Illinois","2012","4,380","",
"18","Indiana","1991","3,797","",
"18","Indiana","1992","3,545","",
"18","Indiana","1993","3,612","",
"18","Indiana","1994","3,906","",
"18","Indiana","1995","3,860","",
"18","Indiana","1996","3,744","",
"18","Indiana","1997","3,637","",
"18","Indiana","1998","3,836","",
"18","Indiana","1999","4,179","",
"18","Indiana","2000","3,944","",
"18","Indiana","2001","4,080","",
"18","Indiana","2002","4,035","",
"18","Indiana","2003","3,984","",
"18","Indiana","2004","4,024","",
"18","Indiana","2005","4,086","",
"18","Indiana","2006","3,921","",
"18","Indiana","2007","4,134","",
"18","Indiana","2008","4,000","",
"18","Indiana","2009","3,769","",
"18","Indiana","2010","4,055","",
"18","Indiana","2011","3,776","",
"18","Indiana","2012","4,318","",
"19","Iowa","1991","3,834","",
"19","Iowa","1992","3,719","",
"19","Iowa","1993","3,601","",
"19","Iowa","1994","3,964","",
"19","Iowa","1995","3,815","",
"19","Iowa","1996","3,796","",
"19","Iowa","1997","4,062","",
"19","Iowa","1998","3,863","",
"19","Iowa","1999","4,081","",
"19","Iowa","2000","3,923","",
"19","Iowa","2001","3,926","",
"19","Iowa","2002","4,148","",
"19","Iowa","2003","4,120","",
"19","Iowa","2004","4,081","",
"19","Iowa","2005","4,120","",
"19","Iowa","2006","3,939","",
"19","Iowa","2007","4,047","",
"19","Iowa","2008","3,879","",
"19","Iowa","2009","3,830","",
"19","Iowa","2010","3,875","",
"19","Iowa","2011","3,806","",
"19","Iowa","2012","4,331","",
"20","Kansas","1991","4,384","",
"20","Kansas","1992","4,205","",
"20","Kansas","1993","4,215","",
"20","Kansas","1994","4,507","",
"20","Kansas","1995","4,358","",
"20","Kansas","1996","4,448","",
"20","Kansas","1997","4,589","",
"20","Kansas","1998","4,518","",
"20","Kansas","1999","4,554","",
"20","Kansas","2000","4,630","",
"20","Kansas","2001","4,683","",
"20","Kansas","2002","4,702","",
"20","Kansas","2003","4,618","",
"20","Kansas","2004","4,616","",
"20","Kansas","2005","4,701","",
"20","Kansas","2006","4,697","",
"20","Kansas","2007","4,529","",
"20","Kansas","2008","4,515","",
"20","Kansas","2009","4,446","",
"20","Kansas","2010","4,555","",
"20","Kansas","2011","4,608","",
"20","Kansas","2012","4,890","",
"21","Kentucky","1991","3,934","",
"21","Kentucky","1992","3,776","",
"21","Kentucky","1993","3,942","",
"21","Kentucky","1994","4,075","",
"21","Kentucky","1995","4,115","",
"21","Kentucky","1996","4,008","",
"21","Kentucky","1997","4,000","",
"21","Kentucky","1998","4,099","",
"21","Kentucky","1999","4,323","",
"21","Kentucky","2000","4,170","",
"21","Kentucky","2001","4,284","",
"21","Kentucky","2002","4,102","",
"21","Kentucky","2003","4,008","",
"21","Kentucky","2004","4,096","",
"21","Kentucky","2005","4,202","",
"21","Kentucky","2006","4,094","",
"21","Kentucky","2007","4,362","",
"21","Kentucky","2008","4,113","",
"21","Kentucky","2009","3,889","",
"21","Kentucky","2010","4,246","",
"21","Kentucky","2011","3,962","",
"21","Kentucky","2012","4,383","",
"22","Louisiana","1991","4,252","",
"22","Louisiana","1992","4,401","",
"22","Louisiana","1993","4,502","",
"22","Louisiana","1994","4,348","",
"22","Louisiana","1995","4,590","",
"22","Louisiana","1996","4,490","",
"22","Louisiana","1997","4,421","",
"22","Louisiana","1998","4,640","",
"22","Louisiana","1999","4,804","",
"22","Louisiana","2000","4,739","",
"22","Louisiana","2001","4,595","",
"22","Louisiana","2002","4,465","",
"22","Louisiana","2003","4,504","",
"22","Louisiana","2004","4,578","",
"22","Louisiana","2005","4,799","",
"22","Louisiana","2006","4,710","",
"22","Louisiana","2007","4,564","",
"22","Louisiana","2008","4,611","",
"22","Louisiana","2009","4,500","",
"22","Louisiana","2010","4,706","",
"22","Louisiana","2011","4,798","",
"22","Louisiana","2012","4,725","",
"23","Maine","1991","3,618","",
"23","Maine","1992","3,495","",
"23","Maine","1993","3,512","",
"23","Maine","1994","3,581","",
"23","Maine","1995","3,550","",
"23","Maine","1996","3,430","",
"23","Maine","1997","3,637","",
"23","Maine","1998","3,559","",
"23","Maine","1999","3,857","",
"23","Maine","2000","3,547","",
"23","Maine","2001","3,900","",
"23","Maine","2002","3,750","",
"23","Maine","2003","3,586","",
"23","Maine","2004","3,759","",
"23","Maine","2005","3,681","",
"23","Maine","2006","3,598","",
"23","Maine","2007","3,801","",
"23","Maine","2008","3,646","",
"23","Maine","2009","3,518","",
"23","Maine","2010","3,658","",
"23","Maine","2011","3,501","",
"23","Maine","2012","3,815","",
"24","Maryland","1991","3,931","",
"24","Maryland","1992","3,666","",
"24","Maryland","1993","3,913","",
"24","Maryland","1994","3,984","",
"24","Maryland","1995","3,964","",
"24","Maryland","1996","3,863","",
"24","Maryland","1997","4,029","",
"24","Maryland","1998","3,959","",
"24","Maryland","1999","4,186","",
"24","Maryland","2000","4,072","",
"24","Maryland","2001","4,302","",
"24","Maryland","2002","4,245","",
"24","Maryland","2003","3,854","",
"24","Maryland","2004","4,077","",
"24","Maryland","2005","4,178","",
"24","Maryland","2006","4,228","",
"24","Maryland","2007","4,303","",
"24","Maryland","2008","4,156","",
"24","Maryland","2009","3,907","",
"24","Maryland","2010","4,221","",
"24","Maryland","2011","4,031","",
"24","Maryland","2012","4,267","",
"25","Massachusetts","1991","3,738","",
"25","Massachusetts","1992","3,587","",
"25","Massachusetts","1993","3,690","",
"25","Massachusetts","1994","3,714","",
"25","Massachusetts","1995","3,668","",
"25","Massachusetts","1996","3,502","",
"25","Massachusetts","1997","3,732","",
"25","Massachusetts","1998","3,680","",
"25","Massachusetts","1999","3,960","",
"25","Massachusetts","2000","3,690","",
"25","Massachusetts","2001","4,030","",
"25","Massachusetts","2002","3,928","",
"25","Massachusetts","2003","3,671","",
"25","Massachusetts","2004","3,798","",
"25","Massachusetts","2005","3,842","",
"25","Massachusetts","2006","3,727","",
"25","Massachusetts","2007","3,971","",
"25","Massachusetts","2008","3,823","",
"25","Massachusetts","2009","3,631","",
"25","Massachusetts","2010","3,815","",
"25","Massachusetts","2011","3,678","",
"25","Massachusetts","2012","3,944","",
"26","Michigan","1991","3,518","",
"26","Michigan","1992","3,334","",
"26","Michigan","1993","3,334","",
"26","Michigan","1994","3,612","",
"26","Michigan","1995","3,428","",
"26","Michigan","1996","3,406","",
"26","Michigan","1997","3,450","",
"26","Michigan","1998","3,636","",
"26","Michigan","1999","3,832","",
"26","Michigan","2000","3,642","",
"26","Michigan","2001","3,679","",
"26","Michigan","2002","3,798","",
"26","Michigan","2003","3,706","",
"26","Michigan","2004","3,720","",
"26","Michigan","2005","3,817","",
"26","Michigan","2006","3,681","",
"26","Michigan","2007","3,867","",
"26","Michigan","2008","3,730","",
"26","Michigan","2009","3,635","",
"26","Michigan","2010","3,719","",
"26","Michigan","2011","3,544","",
"26","Michigan","2012","4,018","",
"27","Minnesota","1991","3,546","",
"27","Minnesota","1992","3,502","",
"27","Minnesota","1993","3,454","",
"27","Minnesota","1994","3,671","",
"27","Minnesota","1995","3,536","",
"27","Minnesota","1996","3,629","",
"27","Minnesota","1997","3,877","",
"27","Minnesota","1998","3,884","",
"27","Minnesota","1999","3,787","",
"27","Minnesota","2000","3,739","",
"27","Minnesota","2001","3,749","",
"27","Minnesota","2002","3,869","",
"27","Minnesota","2003","3,866","",
"27","Minnesota","2004","3,777","",
"27","Minnesota","2005","3,778","",
"27","Minnesota","2006","3,787","",
"27","Minnesota","2007","3,790","",
"27","Minnesota","2008","3,760","",
"27","Minnesota","2009","3,670","",
"27","Minnesota","2010","3,664","",
"27","Minnesota","2011","3,591","",
"27","Minnesota","2012","3,968","",
"28","Mississippi","1991","4,294","",
"28","Mississippi","1992","4,390","",
"28","Mississippi","1993","4,412","",
"28","Mississippi","1994","4,322","",
"28","Mississippi","1995","4,540","",
"28","Mississippi","1996","4,482","",
"28","Mississippi","1997","4,468","",
"28","Mississippi","1998","4,600","",
"28","Mississippi","1999","4,752","",
"28","Mississippi","2000","4,683","",
"28","Mississippi","2001","4,553","",
"28","Mississippi","2002","4,444","",
"28","Mississippi","2003","4,428","",
"28","Mississippi","2004","4,539","",
"28","Mississippi","2005","4,691","",
"28","Mississippi","2006","4,701","",
"28","Mississippi","2007","4,649","",
"28","Mississippi","2008","4,538","",
"28","Mississippi","2009","4,354","",
"28","Mississippi","2010","4,678","",
"28","Mississippi","2011","4,615","",
"28","Mississippi","2012","4,693","",
"29","Missouri","1991","4,104","",
"29","Missouri","1992","3,949","",
"29","Missouri","1993","3,926","",
"29","Missouri","1994","4,177","",
"29","Missouri","1995","4,166","",
"29","Missouri","1996","4,128","",
"29","Missouri","1997","4,242","",
"29","Missouri","1998","4,219","",
"29","Missouri","1999","4,311","",
"29","Missouri","2000","4,211","",
"29","Missouri","2001","4,339","",
"29","Missouri","2002","4,331","",
"29","Missouri","2003","4,276","",
"29","Missouri","2004","4,284","",
"29","Missouri","2005","4,452","",
"29","Missouri","2006","4,270","",
"29","Missouri","2007","4,327","",
"29","Missouri","2008","4,134","",
"29","Missouri","2009","4,033","",
"29","Missouri","2010","4,241","",
"29","Missouri","2011","4,143","",
"29","Missouri","2012","4,545","",
"30","Montana","1991","3,761","",
"30","Montana","1992","3,717","",
"30","Montana","1993","3,716","",
"30","Montana","1994","3,947","",
"30","Montana","1995","3,790","",
"30","Montana","1996","3,892","",
"30","Montana","1997","3,924","",
"30","Montana","1998","3,923","",
"30","Montana","1999","3,994","",
"30","Montana","2000","3,971","",
"30","Montana","2001","4,084","",
"30","Montana","2002","3,964","",
"30","Montana","2003","3,986","",
"30","Montana","2004","3,953","",
"30","Montana","2005","3,963","",
"30","Montana","2006","4,027","",
"30","Montana","2007","4,000","",
"30","Montana","2008","3,889","",
"30","Montana","2009","3,899","",
"30","Montana","2010","3,819","",
"30","Montana","2011","3,858","",
"30","Montana","2012","3,847","",
"31","Nebraska","1991","4,143","",
"31","Nebraska","1992","4,005","",
"31","Nebraska","1993","3,937","",
"31","Nebraska","1994","4,287","",
"31","Nebraska","1995","4,084","",
"31","Nebraska","1996","4,146","",
"31","Nebraska","1997","4,319","",
"31","Nebraska","1998","4,166","",
"31","Nebraska","1999","4,347","",
"31","Nebraska","2000","4,381","",
"31","Nebraska","2001","4,352","",
"31","Nebraska","2002","4,536","",
"31","Nebraska","2003","4,443","",
"31","Nebraska","2004","4,422","",
"31","Nebraska","2005","4,452","",
"31","Nebraska","2006","4,388","",
"31","Nebraska","2007","4,327","",
"31","Nebraska","2008","4,349","",
"31","Nebraska","2009","4,181","",
"31","Nebraska","2010","4,259","",
"31","Nebraska","2011","4,204","",
"31","Nebraska","2012","4,685","",
"32","Nevada","1991","4,835","",
"32","Nevada","1992","4,675","",
"32","Nevada","1993","4,849","",
"32","Nevada","1994","4,884","",
"32","Nevada","1995","4,829","",
"32","Nevada","1996","4,935","",
"32","Nevada","1997","4,963","",
"32","Nevada","1998","4,745","",
"32","Nevada","1999","5,264","",
"32","Nevada","2000","5,291","",
"32","Nevada","2001","5,289","",
"32","Nevada","2002","5,408","",
"32","Nevada","2003","5,241","",
"32","Nevada","2004","5,291","",
"32","Nevada","2005","5,167","",
"32","Nevada","2006","5,188","",
"32","Nevada","2007","5,333","",
"32","Nevada","2008","5,359","",
"32","Nevada","2009","5,199","",
"32","Nevada","2010","5,154","",
"32","Nevada","2011","5,253","",
"32","Nevada","2012","5,296","",
"33","New Hampshire","1991","3,624","",
"33","New Hampshire","1992","3,484","",
"33","New Hampshire","1993","3,524","",
"33","New Hampshire","1994","3,578","",
"33","New Hampshire","1995","3,567","",
"33","New Hampshire","1996","3,416","",
"33","New Hampshire","1997","3,628","",
"33","New Hampshire","1998","3,585","",
"33","New Hampshire","1999","3,870","",
"33","New Hampshire","2000","3,534","",
"33","New Hampshire","2001","3,914","",
"33","New Hampshire","2002","3,859","",
"33","New Hampshire","2003","3,608","",
"33","New Hampshire","2004","3,782","",
"33","New Hampshire","2005","3,739","",
"33","New Hampshire","2006","3,606","",
"33","New Hampshire","2007","3,898","",
"33","New Hampshire","2008","3,700","",
"33","New Hampshire","2009","3,583","",
"33","New Hampshire","2010","3,700","",
"33","New Hampshire","2011","3,549","",
"33","New Hampshire","2012","3,891","",
"34","New Jersey","1991","3,868","",
"34","New Jersey","1992","3,608","",
"34","New Jersey","1993","3,834","",
"34","New Jersey","1994","3,865","",
"34","New Jersey","1995","3,845","",
"34","New Jersey","1996","3,731","",
"34","New Jersey","1997","3,890","",
"34","New Jersey","1998","3,797","",
"34","New Jersey","1999","4,069","",
"34","New Jersey","2000","3,921","",
"34","New Jersey","2001","4,140","",
"34","New Jersey","2002","4,141","",
"34","New Jersey","2003","3,730","",
"34","New Jersey","2004","3,958","",
"34","New Jersey","2005","4,097","",
"34","New Jersey","2006","4,067","",
"34","New Jersey","2007","4,147","",
"34","New Jersey","2008","4,057","",
"34","New Jersey","2009","3,736","",
"34","New Jersey","2010","4,052","",
"34","New Jersey","2011","3,866","",
"34","New Jersey","2012","4,056","",
"35","New Mexico","1991","5,119","",
"35","New Mexico","1992","4,926","",
"35","New Mexico","1993","5,163","",
"35","New Mexico","1994","5,180","",
"35","New Mexico","1995","5,223","",
"35","New Mexico","1996","5,235","",
"35","New Mexico","1997","5,081","",
"35","New Mexico","1998","5,269","",
"35","New Mexico","1999","5,556","",
"35","New Mexico","2000","5,531","",
"35","New Mexico","2001","5,490","",
"35","New Mexico","2002","5,576","",
"35","New Mexico","2003","5,585","",
"35","New Mexico","2004","5,454","",
"35","New Mexico","2005","5,483","",
"35","New Mexico","2006","5,448","",
"35","New Mexico","2007","5,471","",
"35","New Mexico","2008","5,562","",
"35","New Mexico","2009","5,448","",
"35","New Mexico","2010","5,548","",
"35","New Mexico","2011","5,710","",
"35","New Mexico","2012","5,642","",
"36","New York","1991","3,610","",
"36","New York","1992","3,352","",
"36","New York","1993","3,493","",
"36","New York","1994","3,546","",
"36","New York","1995","3,566","",
"36","New York","1996","3,436","",
"36","New York","1997","3,478","",
"36","New York","1998","3,514","",
"36","New York","1999","3,895","",
"36","New York","2000","3,579","",
"36","New York","2001","3,875","",
"36","New York","2002","3,834","",
"36","New York","2003","3,578","",
"36","New York","2004","3,694","",
"36","New York","2005","3,874","",
"36","New York","2006","3,693","",
"36","New York","2007","3,901","",
"36","New York","2008","3,795","",
"36","New York","2009","3,613","",
"36","New York","2010","3,690","",
"36","New York","2011","3,543","",
"36","New York","2012","3,904","",
"37","North Carolina","1991","4,121","",
"37","North Carolina","1992","4,029","",
"37","North Carolina","1993","4,292","",
"37","North Carolina","1994","4,234","",
"37","North Carolina","1995","4,252","",
"37","North Carolina","1996","4,285","",
"37","North Carolina","1997","4,367","",
"37","North Carolina","1998","4,429","",
"37","North Carolina","1999","4,420","",
"37","North Carolina","2000","4,447","",
"37","North Carolina","2001","4,518","",
"37","North Carolina","2002","4,441","",
"37","North Carolina","2003","4,201","",
"37","North Carolina","2004","4,394","",
"37","North Carolina","2005","4,414","",
"37","North Carolina","2006","4,527","",
"37","North Carolina","2007","4,685","",
"37","North Carolina","2008","4,468","",
"37","North Carolina","2009","4,183","",
"37","North Carolina","2010","4,549","",
"37","North Carolina","2011","4,495","",
"37","North Carolina","2012","4,466","",
"38","North Dakota","1991","3,549","",
"38","North Dakota","1992","3,541","",
"38","North Dakota","1993","3,561","",
"38","North Dakota","1994","3,787","",
"38","North Dakota","1995","3,624","",
"38","North Dakota","1996","3,674","",
"38","North Dakota","1997","3,847","",
"38","North Dakota","1998","3,774","",
"38","North Dakota","1999","3,764","",
"38","North Dakota","2000","3,836","",
"38","North Dakota","2001","3,853","",
"38","North Dakota","2002","3,875","",
"38","North Dakota","2003","3,784","",
"38","North Dakota","2004","3,789","",
"38","North Dakota","2005","3,823","",
"38","North Dakota","2006","3,865","",
"38","North Dakota","2007","3,765","",
"38","North Dakota","2008","3,833","",
"38","North Dakota","2009","3,624","",
"38","North Dakota","2010","3,608","",
"38","North Dakota","2011","3,673","",
"38","North Dakota","2012","3,925","",
"39","Ohio","1991","3,697","",
"39","Ohio","1992","3,413","",
"39","Ohio","1993","3,537","",
"39","Ohio","1994","3,791","",
"39","Ohio","1995","3,685","",
"39","Ohio","1996","3,634","",
"39","Ohio","1997","3,562","",
"39","Ohio","1998","3,769","",
"39","Ohio","1999","4,127","",
"39","Ohio","2000","3,852","",
"39","Ohio","2001","3,960","",
"39","Ohio","2002","3,925","",
"39","Ohio","2003","3,799","",
"39","Ohio","2004","3,844","",
"39","Ohio","2005","3,945","",
"39","Ohio","2006","3,823","",
"39","Ohio","2007","3,982","",
"39","Ohio","2008","3,912","",
"39","Ohio","2009","3,744","",
"39","Ohio","2010","3,947","",
"39","Ohio","2011","3,620","",
"39","Ohio","2012","4,139","",
"40","Oklahoma","1991","4,424","",
"40","Oklahoma","1992","4,347","",
"40","Oklahoma","1993","4,425","",
"40","Oklahoma","1994","4,596","",
"40","Oklahoma","1995","4,583","",
"40","Oklahoma","1996","4,612","",
"40","Oklahoma","1997","4,486","",
"40","Oklahoma","1998","4,656","",
"40","Oklahoma","1999","4,760","",
"40","Oklahoma","2000","4,690","",
"40","Oklahoma","2001","4,728","",
"40","Oklahoma","2002","4,625","",
"40","Oklahoma","2003","4,669","",
"40","Oklahoma","2004","4,559","",
"40","Oklahoma","2005","4,839","",
"40","Oklahoma","2006","4,901","",
"40","Oklahoma","2007","4,484","",
"40","Oklahoma","2008","4,756","",
"40","Oklahoma","2009","4,519","",
"40","Oklahoma","2010","4,648","",
"40","Oklahoma","2011","4,815","",
"40","Oklahoma","2012","4,912","",
"41","Oregon","1991","3,785","",
"41","Oregon","1992","3,817","",
"41","Oregon","1993","3,685","",
"41","Oregon","1994","3,857","",
"41","Oregon","1995","3,754","",
"41","Oregon","1996","3,817","",
"41","Oregon","1997","3,864","",
"41","Oregon","1998","3,783","",
"41","Oregon","1999","4,046","",
"41","Oregon","2000","4,068","",
"41","Oregon","2001","4,072","",
"41","Oregon","2002","4,224","",
"41","Oregon","2003","4,083","",
"41","Oregon","2004","4,108","",
"41","Oregon","2005","4,044","",
"41","Oregon","2006","4,095","",
"41","Oregon","2007","4,067","",
"41","Oregon","2008","3,985","",
"41","Oregon","2009","4,064","",
"41","Oregon","2010","3,887","",
"41","Oregon","2011","3,920","",
"41","Oregon","2012","3,830","",
"42","Pennsylvania","1991","3,690","",
"42","Pennsylvania","1992","3,398","",
"42","Pennsylvania","1993","3,615","",
"42","Pennsylvania","1994","3,687","",
"42","Pennsylvania","1995","3,666","",
"42","Pennsylvania","1996","3,565","",
"42","Pennsylvania","1997","3,607","",
"42","Pennsylvania","1998","3,624","",
"42","Pennsylvania","1999","3,989","",
"42","Pennsylvania","2000","3,737","",
"42","Pennsylvania","2001","3,946","",
"42","Pennsylvania","2002","3,894","",
"42","Pennsylvania","2003","3,597","",
"42","Pennsylvania","2004","3,748","",
"42","Pennsylvania","2005","3,926","",
"42","Pennsylvania","2006","3,823","",
"42","Pennsylvania","2007","4,004","",
"42","Pennsylvania","2008","3,856","",
"42","Pennsylvania","2009","3,603","",
"42","Pennsylvania","2010","3,847","",
"42","Pennsylvania","2011","3,558","",
"42","Pennsylvania","2012","3,939","",
"44","Rhode Island","1991","3,829","",
"44","Rhode Island","1992","3,682","",
"44","Rhode Island","1993","3,767","",
"44","Rhode Island","1994","3,804","",
"44","Rhode Island","1995","3,765","",
"44","Rhode Island","1996","3,580","",
"44","Rhode Island","1997","3,863","",
"44","Rhode Island","1998","3,778","",
"44","Rhode Island","1999","3,970","",
"44","Rhode Island","2000","3,771","",
"44","Rhode Island","2001","4,154","",
"44","Rhode Island","2002","3,954","",
"44","Rhode Island","2003","3,750","",
"44","Rhode Island","2004","3,827","",
"44","Rhode Island","2005","3,968","",
"44","Rhode Island","2006","3,755","",
"44","Rhode Island","2007","4,035","",
"44","Rhode Island","2008","3,883","",
"44","Rhode Island","2009","3,667","",
"44","Rhode Island","2010","3,887","",
"44","Rhode Island","2011","3,777","",
"44","Rhode Island","2012","3,989","",
"45","South Carolina","1991","4,204","",
"45","South Carolina","1992","4,189","",
"45","South Carolina","1993","4,451","",
"45","South Carolina","1994","4,365","",
"45","South Carolina","1995","4,407","",
"45","South Carolina","1996","4,558","",
"45","South Carolina","1997","4,447","",
"45","South Carolina","1998","4,589","",
"45","South Carolina","1999","4,602","",
"45","South Carolina","2000","4,712","",
"45","South Carolina","2001","4,668","",
"45","South Carolina","2002","4,534","",
"45","South Carolina","2003","4,348","",
"45","South Carolina","2004","4,594","",
"45","South Carolina","2005","4,565","",
"45","South Carolina","2006","4,717","",
"45","South Carolina","2007","4,780","",
"45","South Carolina","2008","4,658","",
"45","South Carolina","2009","4,399","",
"45","South Carolina","2010","4,740","",
"45","South Carolina","2011","4,741","",
"45","South Carolina","2012","4,624","",
"46","South Dakota","1991","3,866","",
"46","South Dakota","1992","3,778","",
"46","South Dakota","1993","3,766","",
"46","South Dakota","1994","4,010","",
"46","South Dakota","1995","3,813","",
"46","South Dakota","1996","3,871","",
"46","South Dakota","1997","4,013","",
"46","South Dakota","1998","3,991","",
"46","South Dakota","1999","4,134","",
"46","South Dakota","2000","4,087","",
"46","South Dakota","2001","4,051","",
"46","South Dakota","2002","4,187","",
"46","South Dakota","2003","4,107","",
"46","South Dakota","2004","4,212","",
"46","South Dakota","2005","4,178","",
"46","South Dakota","2006","4,100","",
"46","South Dakota","2007","4,086","",
"46","South Dakota","2008","4,062","",
"46","South Dakota","2009","3,944","",
"46","South Dakota","2010","3,940","",
"46","South Dakota","2011","3,941","",
"46","South Dakota","2012","4,332","",
"47","Tennessee","1991","4,045","",
"47","Tennessee","1992","3,987","",
"47","Tennessee","1993","4,149","",
"47","Tennessee","1994","4,180","",
"47","Tennessee","1995","4,270","",
"47","Tennessee","1996","4,207","",
"47","Tennessee","1997","4,189","",
"47","Tennessee","1998","4,244","",
"47","Tennessee","1999","4,453","",
"47","Tennessee","2000","4,338","",
"47","Tennessee","2001","4,351","",
"47","Tennessee","2002","4,235","",
"47","Tennessee","2003","4,180","",
"47","Tennessee","2004","4,253","",
"47","Tennessee","2005","4,366","",
"47","Tennessee","2006","4,329","",
"47","Tennessee","2007","4,531","",
"47","Tennessee","2008","4,289","",
"47","Tennessee","2009","4,002","",
"47","Tennessee","2010","4,357","",
"47","Tennessee","2011","4,178","",
"47","Tennessee","2012","4,486","",
"48","Texas","1991","4,637","",
"48","Texas","1992","4,636","",
"48","Texas","1993","4,763","",
"48","Texas","1994","4,754","",
"48","Texas","1995","4,858","",
"48","Texas","1996","4,932","",
"48","Texas","1997","4,727","",
"48","Texas","1998","4,968","",
"48","Texas","1999","5,093","",
"48","Texas","2000","5,004","",
"48","Texas","2001","4,923","",
"48","Texas","2002","4,890","",
"48","Texas","2003","4,899","",
"48","Texas","2004","4,774","",
"48","Texas","2005","5,035","",
"48","Texas","2006","5,086","",
"48","Texas","2007","4,752","",
"48","Texas","2008","5,060","",
"48","Texas","2009","4,913","",
"48","Texas","2010","4,931","",
"48","Texas","2011","5,274","",
"48","Texas","2012","5,137","",
"49","Utah","1991","4,672","",
"49","Utah","1992","4,571","",
"49","Utah","1993","4,669","",
"49","Utah","1994","4,776","",
"49","Utah","1995","4,675","",
"49","Utah","1996","4,660","",
"49","Utah","1997","4,629","",
"49","Utah","1998","4,619","",
"49","Utah","1999","4,962","",
"49","Utah","2000","4,936","",
"49","Utah","2001","4,952","",
"49","Utah","2002","5,050","",
"49","Utah","2003","4,905","",
"49","Utah","2004","4,867","",
"49","Utah","2005","4,885","",
"49","Utah","2006","4,857","",
"49","Utah","2007","4,979","",
"49","Utah","2008","4,911","",
"49","Utah","2009","4,826","",
"49","Utah","2010","4,817","",
"49","Utah","2011","4,808","",
"49","Utah","2012","4,887","",
"50","Vermont","1991","3,542","",
"50","Vermont","1992","3,379","",
"50","Vermont","1993","3,415","",
"50","Vermont","1994","3,472","",
"50","Vermont","1995","3,523","",
"50","Vermont","1996","3,362","",
"50","Vermont","1997","3,523","",
"50","Vermont","1998","3,465","",
"50","Vermont","1999","3,751","",
"50","Vermont","2000","3,389","",
"50","Vermont","2001","3,745","",
"50","Vermont","2002","3,699","",
"50","Vermont","2003","3,549","",
"50","Vermont","2004","3,684","",
"50","Vermont","2005","3,675","",
"50","Vermont","2006","3,434","",
"50","Vermont","2007","3,745","",
"50","Vermont","2008","3,579","",
"50","Vermont","2009","3,488","",
"50","Vermont","2010","3,523","",
"50","Vermont","2011","3,444","",
"50","Vermont","2012","3,826","",
"51","Virginia","1991","4,019","",
"51","Virginia","1992","3,790","",
"51","Virginia","1993","4,067","",
"51","Virginia","1994","4,104","",
"51","Virginia","1995","4,120","",
"51","Virginia","1996","4,071","",
"51","Virginia","1997","4,314","",
"51","Virginia","1998","4,275","",
"51","Virginia","1999","4,292","",
"51","Virginia","2000","4,225","",
"51","Virginia","2001","4,398","",
"51","Virginia","2002","4,297","",
"51","Virginia","2003","4,023","",
"51","Virginia","2004","4,188","",
"51","Virginia","2005","4,254","",
"51","Virginia","2006","4,325","",
"51","Virginia","2007","4,461","",
"51","Virginia","2008","4,263","",
"51","Virginia","2009","4,020","",
"51","Virginia","2010","4,372","",
"51","Virginia","2011","4,202","",
"51","Virginia","2012","4,354","",
"53","Washington","1991","3,485","",
"53","Washington","1992","3,457","",
"53","Washington","1993","3,394","",
"53","Washington","1994","3,556","",
"53","Washington","1995","3,525","",
"53","Washington","1996","3,509","",
"53","Washington","1997","3,438","",
"53","Washington","1998","3,473","",
"53","Washington","1999","3,709","",
"53","Washington","2000","3,717","",
"53","Washington","2001","3,732","",
"53","Washington","2002","3,830","",
"53","Washington","2003","3,793","",
"53","Washington","2004","3,793","",
"53","Washington","2005","3,743","",
"53","Washington","2006","3,780","",
"53","Washington","2007","3,647","",
"53","Washington","2008","3,609","",
"53","Washington","2009","3,789","",
"53","Washington","2010","3,581","",
"53","Washington","2011","3,576","",
"53","Washington","2012","3,467","",
"54","West Virginia","1991","3,779","",
"54","West Virginia","1992","3,519","",
"54","West Virginia","1993","3,754","",
"54","West Virginia","1994","3,859","",
"54","West Virginia","1995","3,853","",
"54","West Virginia","1996","3,759","",
"54","West Virginia","1997","3,853","",
"54","West Virginia","1998","3,911","",
"54","West Virginia","1999","4,148","",
"54","West Virginia","2000","3,911","",
"54","West Virginia","2001","4,078","",
"54","West Virginia","2002","3,968","",
"54","West Virginia","2003","3,775","",
"54","West Virginia","2004","3,911","",
"54","West Virginia","2005","3,998","",
"54","West Virginia","2006","3,911","",
"54","West Virginia","2007","4,109","",
"54","West Virginia","2008","3,941","",
"54","West Virginia","2009","3,746","",
"54","West Virginia","2010","4,041","",
"54","West Virginia","2011","3,743","",
"54","West Virginia","2012","4,146","",
"55","Wisconsin","1991","3,484","",
"55","Wisconsin","1992","3,399","",
"55","Wisconsin","1993","3,354","",
"55","Wisconsin","1994","3,633","",
"55","Wisconsin","1995","3,515","",
"55","Wisconsin","1996","3,508","",
"55","Wisconsin","1997","3,615","",
"55","Wisconsin","1998","3,714","",
"55","Wisconsin","1999","3,781","",
"55","Wisconsin","2000","3,671","",
"55","Wisconsin","2001","3,704","",
"55","Wisconsin","2002","3,822","",
"55","Wisconsin","2003","3,865","",
"55","Wisconsin","2004","3,726","",
"55","Wisconsin","2005","3,857","",
"55","Wisconsin","2006","3,737","",
"55","Wisconsin","2007","3,848","",
"55","Wisconsin","2008","3,697","",
"55","Wisconsin","2009","3,673","",
"55","Wisconsin","2010","3,721","",
"55","Wisconsin","2011","3,527","",
"55","Wisconsin","2012","4,023","",
"56","Wyoming","1991","4,158","",
"56","Wyoming","1992","4,123","",
"56","Wyoming","1993","4,128","",
"56","Wyoming","1994","4,303","",
"56","Wyoming","1995","4,150","",
"56","Wyoming","1996","4,184","",
"56","Wyoming","1997","4,181","",
"56","Wyoming","1998","4,257","",
"56","Wyoming","1999","4,446","",
"56","Wyoming","2000","4,434","",
"56","Wyoming","2001","4,477","",
"56","Wyoming","2002","4,494","",
"56","Wyoming","2003","4,423","",
"56","Wyoming","2004","4,401","",
"56","Wyoming","2005","4,499","",
"56","Wyoming","2006","4,461","",
"56","Wyoming","2007","4,415","",
"56","Wyoming","2008","4,357","",
"56","Wyoming","2009","4,275","",
"56","Wyoming","2010","4,347","",
"56","Wyoming","2011","4,285","",
"56","Wyoming","2012","4,471","",
